koi_period,koi_time0bk,koi_impact,koi_duration,koi_depth,koi_prad,koi_teq,koi_insol,koi_model_snr,koi_steff,koi_slogg,koi_srad,koi_kepmag
9.488036,170.5388,0.146,2.9575,616,2.26,793,35.8,1,5455,4.467,0.927,15.347
54.41838,162.5138,0.586,4.507,875,2.83,443,25.8,2,5455,4.467,0.927,15.347
19.89914,175.8503,0.969,1.7822,10800,14.6,638,76.3,1,5853,4.544,0.868,15.436
1.736952,170.3076,1.276,2.40641,8080,33.46,1395,505.6,1,5805,4.564,0.791,15.597
2.525592,171.5956,0.701,1.6545,603,2.75,1406,40.9,1,6031,4.438,1.046,15.509